Timestamp,It is 7pm. College was rough. You are tired. What actually happens?,"The last time you fell off a fitness routine, what actually caused it?","Be honest — after a good workout, what do you mostly feel?",You have been training for 3 weeks and you cannot tell if anything is changing. What do you do?,How do you currently know if you are making progress?,"How do you feel about logging your workouts (sets, reps, weights)?",Which of these would actually make you more likely to show up and train tomorrow?,"Do you do cardio — running, cycling, sports, walking, anything like that?","If a friend's routine was clearly working for them, would you follow it?",How much do you care about what others think of your fitness or body?,I feel guilty when I miss a workout.,"Which two of these would you actually use in a fitness tool? (Pick your top 2 — be honest, not aspirational)",Last 4 — these are the ones that actually matter most. One or two sentences is enough. Describe a workout that genuinely made you feel great. What made it different from a regular session?,"What would have to be true for you to open a fitness app every single day — not occasionally, but actually daily?",What is something about fitness that frustrates you that nobody ever talks about?,"Anything else on your mind about fitness — habits, struggles, things you wish existed?"
19/07/2026 15:03:44,I skip it and genuinely do not feel bad,I have never had a proper routine to fall off of,Proud but already thinking about the next one,Start obsessively checking the mirror / scale every day,I go by how I look in the mirror or photos,I love it — data is the point,Knowing I am close to hitting a streak or goal,Yes and I actually enjoy it,Probably not — everyone's body is different,5,1,"Track my body measurements or weight over time, See a clear trend of whether I am improving over weeks",Sweat ,I would be consistent to maintain streak atleast.i would show for atleast 15mins for the sake of streak,Lack of motivation,
19/07/2026 15:14:04,I go anyway — the gym is my reset button,Exams / college stress took over,Honestly? Nothing special — it is just done,Push through — results take time and I know that,I track weights and reps — numbers going up = progress,Never even crossed my mind,Feeling like I am behind and need to catch up,No — I only lift / strength train,Probably not — everyone's body is different,3,5,"A score or number that shows my overall fitness level, See a clear trend of whether I am improving over weeks",Doing Squats with heavy weights.,Tracking food habits vs body growth.,,
19/07/2026 15:36:38,I go anyway — the gym is my reset button,"Life just got chaotic (travel, schedule change)",Honestly? Nothing special — it is just done,Push through — results take time and I know that,I do not think about it that much,Never even crossed my mind,A friend going with me,Yes and I actually enjoy it,Yes immediately — results speak louder than anything,1,1,"Track my cardio (time, distance), See how I compare with friends",-,-,-,Fitness = chaitanya 
19/07/2026 16:22:46,I go anyway — the gym is my reset button,No one to go with / lost my gym partner,Proud but already thinking about the next one,Google why am I not seeing results at midnight,I track weights and reps — numbers going up = progress,I want to but I keep forgetting or being inconsistent,A friend going with me,"Occasionally, when I feel like it",Maybe — I would take bits of it and adapt it to me,2,3,"Get told what to train next based on my goals, Log what I lifted today (weights, sets, reps), Track my body measurements or weight over time, See a clear trend of whether I am improving over weeks, Track my cardio (time, distance)",A workout  that made me feel great was when i completed all my planned exercises and lifted slightly heavier that previous session ,"May be, that depends upon my experience with that app","Right progression methods, people always show their results but rarely talk about their  months consistency , plateaus",Fitness apps adapted workouts and nutrition to my progress instead of giving everyone same plan
19/07/2026 17:45:22,I go anyway — the gym is my reset button,Got sick or injured,"Satisfied, like I earned the rest of my day",Push through — results take time and I know that,"I go by how I feel — energy, strength, mood",I love it — data is the point,Honestly none of these — it is all willpower for me,Yes but I hate it — I do it because I know I should,Yes immediately — results speak louder than anything,4,5,"Get told what to train next based on my goals, Log what I lifted today (weights, sets, reps)","For me, cardio....especially RUNNING feels much more enjoyable than lifting weights. I prefer focusing on fitness and overall health rather than bodybuilding","I don't open a app  daily but I have schedule what to do for a week , so I just go through the workouts in youtube before going gym. ",Many people underestimate the value of consistency. Small daily habits matter far more than occasional intense workouts.,"Body is not made in GYM it is made in KITCHEN, proper dite and consistency are necessary..."
19/07/2026 19:44:24,I tell myself I will go tomorrow (and sometimes I do),Exams / college stress took over,"Satisfied, like I earned the rest of my day",Push through — results take time and I know that,"I go by how I feel — energy, strength, mood",Never even crossed my mind,Knowing exactly what I am doing when I get there,Yes and I actually enjoy it,Maybe — I would take bits of it and adapt it to me,2,2,"See a clear trend of whether I am improving over weeks, Track my cardio (time, distance)",,,,
19/07/2026 19:49:23,I go but cut it short,Exams / college stress took over,"Satisfied, like I earned the rest of my day",Change what I am doing — clearly something is not working,I track weights and reps — numbers going up = progress,Never even crossed my mind,A friend going with me,"Occasionally, when I feel like it",Maybe — I would take bits of it and adapt it to me,1,3,,,,,
19/07/2026 21:24:26,I go anyway — the gym is my reset button,Exams / college stress took over,Proud but already thinking about the next one,Google why am I not seeing results at midnight,I track weights and reps — numbers going up = progress,I do it but it feels like extra homework,Knowing exactly what I am doing when I get there,No — I only lift / strength train,Probably not — everyone's body is different,1,3,"Track my body measurements or weight over time, A score or number that shows my overall fitness level",Lat pulldown.Coz i like the strech.,,Diet,"Whatever you lift,don't get embarrassed "
20/07/2026 09:00:19,I go anyway — the gym is my reset button,Got sick or injured,Proud but already thinking about the next one,Change what I am doing — clearly something is not working,I track weights and reps — numbers going up = progress,I love it — data is the point,Knowing exactly what I am doing when I get there,"Occasionally, when I feel like it",Probably not — everyone's body is different,2,4,"Get told what to train next based on my goals, Log what I lifted today (weights, sets, reps), Track my body measurements or weight over time, A score or number that shows my overall fitness level, See a clear trend of whether I am improving over weeks, Track my cardio (time, distance)",Working out  with chaitanya💥 ,Working out  with chaitanya💥 ,Working out  with chaitanya💥 ,Working out  with chaitanya💥 
20/07/2026 11:38:16,I go anyway — the gym is my reset button,Lost motivation — no visible progress,"Satisfied, like I earned the rest of my day",Push through — results take time and I know that,I track weights and reps — numbers going up = progress,I do it but it feels like extra homework,Feeling like I am behind and need to catch up,Yes and I actually enjoy it,Probably not — everyone's body is different,3,5,"Get told what to train next based on my goals, Log what I lifted today (weights, sets, reps), Track my body measurements or weight over time, A score or number that shows my overall fitness level, See a clear trend of whether I am improving over weeks, Track my cardio (time, distance), See how I compare with friends",PecDec fly,Cleaner way of showing whats important other than having too much noise on screen,Mixed approaches from mixed persons can result in failure,